web-scraper-order,web-scraper-start-url,rooms_area_price_raw,address_raw,price_raw,description_raw,text_raw
"1758193850-1","https://www.immoscout24.ch/de/wohnung/mieten/ort-winterthur?pn=4","2.5 Zimmer, 82m², CHF 2’040.–","Hobelwerkweg 25, 8404 Winterthur","CHF 2’040.–","Suchen Sie eine trendige Wohnung?","Die LageUrban und gleichzeitig kinderfreundlich präsentiert sich der Stadtteil Oberwinterthur. Im alten Dorfkern und rund um den Bahnhof bietet das grösste Quartier der Stadt ideale Geschäfts- und Einkaufsmöglichkeiten. Schulen und Kindergärten liegen in unmittelbarer Nähe der Wohnüberbauung.Naherholungsgebiete mit Seen und Wäldern zum Wandern, Joggen und Velofahren liegen nur wenige Gehminuten entfernt.Im Takt ist in mehrfacher Hinsicht optimal gelegen. Die Winterthurer Stadtbusse und direkte S-Bahn-Züge nach Zürich halten praktisch vor der Haustüre. Der Flughafen Zürich ist ebenso schnell erreichbar wie die malerische Landschaft des Zürcher Oberlands und der Ostschweiz.Ein Rundgang durch die WohnungDer durchdachte Grundriss lässt Ihnen Freiheiten sich auf 81m2 individuell einzurichten. Dank der intelligenten Raumaufteilung verfügt die Wohnung über geräumige Zimmer und viel Stauraum. Der wunderschöne dunkle Akazienholzparkettboden in allen Wohnräumen sorgt für eine behaglich warme Atmosphäre. Weiter bietet Ihnen diese trendige Wohnung folgende Vorzüge:- offene, moderne Küche- Badezimmer mit Badewanne/WC- eigener Waschturm im Reduit- Raumhohe Fenster- Wohn-/Esszimmer mit Zugang zum Balkon- Das Reduit in der Wohnung sowie das Kellerabteil bieten zusätzlichen Stauraum- Komfortlüftung sorgt bei geschlossenen Fenstern für ein angenehmes Wohnklima und saubere Luft- Lift bis in die TiefgarageDetailsEin Einstellplatz in der Tiefgarage kann auf Wunsch dazu gemietet werden. In der Überbauung befindet sich ein origineller Spielplatz.Anschreiben. Besichtigen. Mieten.Wann möchten Sie Ihre zukünftige Aussicht besichtigen? Wir freuen uns auf Ihre Kontaktaufnahme!Der Besichtigungstermin findet wie folgt statt:Dienstag, 09.09.2025 von 18:00 Uhr bis 18:30 Uhr. Klingeln Sie bitte bei ""V. Özkan"".Wir freuen uns auf Ihre Bewerbung! Als Mieter von Helvetia profitieren Sie von 40% Rabatt auf Ihre erste Jahresprämie für ausgewählte Helvetia Versicherungsprodukte!Weitere interessante Mietobjekte finden Sie unter: www.helvetia.ch/miete Bei den publizierten Bildern handelt es sich um typenähnliche Wohnungen. Abweichungen zum effektiven Angebot sind deshalb möglich."
"1758193850-2","https://www.immoscout24.ch/de/wohnung/mieten/ort-winterthur?pn=4","1.5 Zimmer, 36m², CHF 2’100.–","Zürcherstrasse 143, 8406 Winterthur","CHF 2’100.–","BUSINESS APARTMENT - Voll möbliert","An zentraler Lage in Winterthur vermieten wir eine hochwertig möblierte 1.5-Zimmer-Wohnung. Die Wohnung ist in einem modernen Mehrfamilienhaus in Winterthur. Grosszügige Fenster garantieren einen lichtdurchfluteten Raum mit angenehmer Wohnatmosphäre. Die Wohnung verfügt über eine Loggia, grosse Dusche mit Glastrennwand, eigene WM/TU, eine moderne Küche und einem praktischen Grundriss.Die Bushaltestelle befindet sich nur wenige Meter entfernt und bringt Sie bequem zum Hauptbahnhof Winterthur. In der nahen Umgebung befinden sich zahlreiche Restaurants, Einkaufsmöglichkeiten und Sportplätze. VARIAS Business Apartments ist ein Konzept, das sich perfekt für reisende Geschäftsleute anbietet. Flexible Aufenthalte, kurzfristige Einzugsmöglichkeiten, qualitativ hochwertige Design-Elemente, funktionsfähiges W-Lan und ein betriebsbereiter Drucker sind einige Annehmlichkeiten von VARIAS Business Apartments. Sie müssen kein Depot bezahlen und können sofort einziehen. Die Wohnung ist voll ausgestattet und bezugsbereit. • 1.5 Zimmer, 36qm • Mit dem Bus in 8 Minuten zum Hauptbahnhof Winterthur • Moderne und hochwertige Möblierung (USM Haller) • Vollausgestattete Küche mit Kühlschrank, Gefrierfach, Keramikherd • Nespresso Kaffeemaschine, Teekocher • Waschmaschine und Trockner im Apartment • Schlafzimmer/Wohnzimmer mit Bett • Einbauschränke • Badezimmmer mit Toilette und Dusche • HD 32"" LED Kabel-TV • Elektrisch bedienbare Rafflamellenstoren Bei Fragen kontaktieren Sie bitte Tarcisi Schorr Tel.: 052 208 10 08 I booking@variasapartments.chhttps://www.variasapartments.ch/en/apartments/"
"1758193850-3","https://www.immoscout24.ch/de/wohnung/mieten/ort-winterthur?pn=4","4.5 Zimmer, 121m², CHF 3’730.–","Schachenweg 55, 8400 Winterthur","CHF 3’730.–","",""
"1758193850-4","https://www.immoscout24.ch/de/wohnung/mieten/ort-winterthur?pn=4","4.5 Zimmer, 120m², CHF 2’225.–","Arbergstrasse 5, 8405 Winterthur","CHF 2’225.–","",""
"1758193850-5","https://www.immoscout24.ch/de/wohnung/mieten/ort-winterthur?pn=4","6 Zimmer, 260m², CHF 4’380.–","Gütlistrasse 15, 8400 Winterthur","CHF 4’380.–","",""
"1758193850-6","https://www.immoscout24.ch/de/wohnung/mieten/ort-winterthur?pn=4","3.5 Zimmer, 98m², CHF 2’450.–","Maienriedweg 16, 8408 Winterthur","CHF 2’450.–","komfortables ruhiges Wohnung auf der Sonnenseite von Wülflingen",""
"1758193850-7","https://www.immoscout24.ch/de/wohnung/mieten/ort-winterthur?pn=4","2.5 Zimmer, 66m², CHF 1’890.–","Bollstrasse 64, 8405 Winterthur","CHF 1’890.–","Moderne, stadtnahe 2.5-Zimmer-Wohnung mit stilvollem Innenausbau",""
"1758193850-8","https://www.immoscout24.ch/de/wohnung/mieten/ort-winterthur?pn=4","3.5 Zimmer, 89m², CHF 2’500.–","Schlosshofstrasse 17, 8400 Winterthur","CHF 2’500.–","Werk 3 - rundum attrakiv leben im 1. Obergeschoss",""
"1758193850-9","https://www.immoscout24.ch/de/wohnung/mieten/ort-winterthur?pn=4","3.5 Zimmer, 95m², CHF 2’540.–","Schlosshofstrasse 15, 8400 Winterthur","CHF 2’540.–","Werk 3 - rundum attraktiv",""
"1758193850-10","https://www.immoscout24.ch/de/wohnung/mieten/ort-winterthur?pn=4","3.5 Zimmer, CHF 2’750.–","Hermannstrasse 22, 8400 Winterthur","CHF 2’750.–","Wohnen an privilegierter Lage im Herzen von Winterthur",""
"1758193850-11","https://www.immoscout24.ch/de/wohnung/mieten/ort-winterthur?pn=4","3 Zimmer, 65m², CHF 1’850.–","Tösstalstr. 231/Seenerstr. 218, 8405 Winterthur","CHF 1’850.–","ruhig wohnen, stadtnah leben - Ihr neues Zuhause in Winterthur-Seen","Herzlich willkommen im Herzen des Quartiers Seen!Ab dem 1. Oktober 2025 vermieten wir an der Seenerstrasse 218 in Winterthur eine helle und gepflegte 3-Zimmerwohnung mit frisch renoviertem Bad.Die Liegenschaft befindet sich im beliebten Quartier Seen, das ländlichen Charme mit urbaner Nähe vereint: Umgeben von Natur und Naherholungsgebieten wohnen Sie hier ruhig und grün und erreichen dennoch in wenigen Minuten das Zentrum von Winterthur. Der Bahnhof Winterthur Seen liegt nur wenige Gehminuten entfernt. Auch die Bushaltestellen Zentrum Seen und St. Urban sind bequem erreichbar. Einkaufsmöglichkeiten wie Supermärkte, Fachgeschäfte und das Einkaufszentrum Shopping Seen befinden sich ebenfalls in kurzer Gehdistanz.Ihr neues Zuhause bietet Ihnen folgenden Ausbaustandard:- Korridor mit integrierter Garderobe, keramische Bodenplatten- lichtdurchfluteter Wohnbereich mit direktem Zugang zum Balkon, Parkettboden- zwei weitere Zimmer, werden neu mit Parkettboden ausgestattet- gepflegte u. moderne Küche mit Glaskeramikkochfeld, Geschirrspülmaschine sowie einem grossen Kühlschrank, keramische Bodenplatten- frisch saniertes Badezimmer mit Dusche, keramische BodenplattenWir machen Sie darauf aufmerksam, dass die Bilder den Zustand vor Sanierung repräsentieren. Die Schlafzimmer werden mit einem Parkettboden ausgestattet.Haben wir Ihr Interesse geweckt? Dann zögern Sie nicht uns zu kontaktieren. Wir freuen uns auf Sie!"
"1758193850-12","https://www.immoscout24.ch/de/wohnung/mieten/ort-winterthur?pn=4","3.5 Zimmer, 89m², CHF 3’300.–","8406 Winterthur","CHF 3’300.–","Moderne 2.5-Zimmer-Wohnung in ruhiger Lage Winterthur","Dieses luxuriöse 3.5-Zimmer-Wohnobjekt im begehrten Kanton Zürich, eingebettet in die malerische Region Winterthur, ist ein wahres Juwel, das seinesgleichen sucht. Das Wohnzimmer besticht durch seine lichtdurchfluteten Räume und ein grosszügiges Ambiente, während die offene und luxuriöse Küche ein Ort der kulinarischen Kreativität darstellt. Mit 2 Schlafzimmern und 1 Badezimmer bietet die Wohnung einen Rückzugsort mit Stil. Der Balkon lädt dazu ein, die frische Luft zu geniessen, und der Lift sowie der Keller bieten praktischen Komfort auf höchstem Niveau. In der Umgebung finden Sie vielfältige Einkaufsmöglichkeiten nur wenige Schritte entfernt, Schulen in unmittelbarer Nähe und eine ausgezeichnete Verkehrsanbindung für maximale Mobilität.Der Zustand dieses imposanten Objekts, errichtet im Jahr 2025, kann als tadellos und aussergewöhnlich bezeichnet werden. Die Immobilie besticht durch eine moderne, grosszügige und familienfreundliche Gestaltung. Ein High-Quality-Ausbau sowie der Minergie-Standard setzen Massstäbe in Sachen Komfort und Nachhaltigkeit. Die zentrale und kinderfreundliche Umgebung bietet eine Fülle an Restaurants, Cafés und Bildungseinrichtungen in unmittelbarer Nähe. Die Minergie-zertifizierte Heizung sorgt für behagliche Wärme und maximale Energieeffizienz. Zu den herausragenden Vorteilen zählen der erstklassige Ausbaustandard, die grossen Fensterfronten für ein helles Ambiente, der elegante Eichenparkettboden, der elegante Neubau-Charakter, die den Wohnkomfort auf ein neues Level hebt.Dieses properti Angebot zeichnet sich aus durch: • Rollstuhlzugänglichkeit für maximale Barrierefreiheit • 3 Bruttomieten als Mietkaution • Hochwertige Ausstattung und durchdachte Raumaufteilung, die begeistert • Offener Wohn- und Essbereich mit Zugang zum sonnigen Balkon für puren Genuss • Moderne Küche mit hochwertigen Geräten und stilvollem Design für kulinarische Höhenflüge • Geräumiges Schlafzimmer mit grosszügigem Platzangebot und natürlichem Licht • Zusätzliches Zimmer für flexiblen Wohnraum nach Ihren Wünschen • Grosser Balkon, ideal für entspannte Stunden im Freien und gesellige Momente • Kellerraum zur praktischen Aufbewahrung und Organisation • Minergie-Zertifizierung für maximale Energieeffizienz und ein ökologisches Bewusstsein Diese extravagante Neubau-Wohnung in Winterthur vereint luxuriösen Wohnkomfort, zeitloses Design und eine erstklassige Lage. Ideal für Familien oder Paare, die das Besondere schätzen und höchste Ansprüche an Qualität und Nachhaltigkeit stellen. Verfügbar ab September 2025  entdecken Sie Ihr neues Zuhause und profitieren Sie von dieser einzigartigen Gelegenheit.Interessiert? Melden sie sich noch heute für einen Besichtigungstermin."
"1758193850-13","https://www.immoscout24.ch/de/wohnung/mieten/ort-winterthur?pn=4","2.5 Zimmer, 60m², CHF 1’895.–","Neumarkt 5, 8400 Winterthur","CHF 1’895.–","Charmante Wohnung in Herzen von Winterthur","Per 01.12.2025 vermieten wir eine charmante 2.5-Zimmerwohnung. Die Liegenschaft befindet sich in einer urbanen Gegend im Herzen von Winterthur. Der Bahnhof sowie öffentliche Verkehrsmittel und Einkaufsmöglichkeiten liegen in direkter Umgebung.Diese 2.5-Zimmerwohnung bietet Ihnen folgenden Komfort:Küche mit ParkettbodenBadezimmer mit PlattenbodenWohnzimmer mit ParkettbodenZimmer mit ParkettbodenKüche mit Glaskeramikkochfeld/Backofen und GeschirrspülerModernes Bad mit DuscheKeinen BalkonKein LiftHaben wir Ihr Interesse geweckt? Für einen Besichtigungstermin kontaktieren Sie uns bitte schriftlich über das Kontaktformular. Wir freuen uns auf Ihre Anfrage."
"1758193850-14","https://www.immoscout24.ch/de/wohnung/mieten/ort-winterthur?pn=4","4.5 Zimmer, 201m², CHF 5’055.–","Lagerhausstrasse 10, 8400 Winterthur","CHF 5’055.–","Exklusiv & grosszügig - Wohnen über den Dächern von Winterthur","Wohnen im Herzen von Winterthur, urban, stilvoll, einzigartigWinterthur, eine Stadt voller Leben, Tradition und Moderne. Hier trifft urbaner Lifestyle auf gewachsene Strukturen, Kultur auf Natur und Vernetzung auf Individualität. Mitten in dieser lebendigen Umgebung entstehen die Archhöfe, Ihr neues Zuhause an bester Adresse.Individuelles Wohnen an zentralster LageIn den Archhöfen wohnen Sie dort, wo das Leben pulsiert, direkt beim Bahnhof, mit Einkaufsmöglichkeiten im Haus und optimaler Anbindung an den öffentlichen Verkehr. Gleichzeitig geniessen Sie die Ruhe in begrünten Innenhöfen und die Individualität einer durchdachten, architektonisch spannenden Wohnanlage.Raum für LebensqualitätDie durchdachten Grundrisse bieten ein einzigartiges Raumgefühl:Grosszügige, offene WohnbereicheHohe Decken für ein luftiges AmbienteHohe Fensterfronten mit WeitblickSchlafzimmer mit praktischem VorraumHochwertiger AusbaustandardDie Ausstattung überzeugt mit Qualität und Stil:Elegante Küche mit Kücheninsel und IceDesign-Arbeitsfläche, Geräte von V-ZugVersiegelter Eichenparkett in allen WohnräumenBäder mit ausgewählten, angenehmen MaterialienWeissputz-Wände für schlichte EleganzMultimedia-Steckdosen in jedem RaumMehr als nur WohnenEinkaufen, pendeln, leben, alles direkt vor der TürTiefgaragenplätze können auf Wunsch dazugemietet werdenLassen Sie sich vor Ort begeistern, wir freuen uns auf Ihre Kontaktaufnahme und zeigen Ihnen die Archhöfe gerne persönlich!"
"1758193850-15","https://www.immoscout24.ch/de/wohnung/mieten/ort-winterthur?pn=4","4.5 Zimmer, 134m², CHF 3’372.–","Theaterstrasse 25b, 8400 Winterthur","CHF 3’372.–","",""
"1758193850-16","https://www.immoscout24.ch/de/wohnung/mieten/ort-winterthur?pn=4","4.5 Zimmer, 106m², CHF 2’800.–","8405 Winterthur","CHF 2’800.–","MIT BALKON UND CHEMINÉE!",""
"1758193850-17","https://www.immoscout24.ch/de/wohnung/mieten/ort-winterthur?pn=4","1.5 Zimmer, 44m², CHF 862.–","Wässerwiesenstr. 67r, 8408 Winterthur","CHF 862.–","Tapetenwechsel.",""
"1758193850-18","https://www.immoscout24.ch/de/wohnung/mieten/ort-winterthur?pn=4","1.5 Zimmer, 36m², CHF 1’500.–","Tössfeldstrasse 67a, 8406 Winterthur","CHF 1’500.–","Wohnen in der topmodernen Überbauung WINTY",""
"1758193850-19","https://www.immoscout24.ch/de/wohnung/mieten/ort-winterthur?pn=4","4.5 Zimmer, 132m², CHF 3’650.–","Wartstrasse 242a, 8408 Winterthur","CHF 3’650.–","Grosszügige Wohnung im Grünen",""
"1758193850-20","https://www.immoscout24.ch/de/wohnung/mieten/ort-winterthur?pn=4","1.5 Zimmer, 50m², CHF 1’790.–","Talgutstrasse 27, 8400 Winterthur","CHF 1’790.–","Ihr neuer Lebensraum: modern, grün, vernetzt",""
"1758193864-21","https://www.immoscout24.ch/de/wohnung/mieten/ort-winterthur?pn=3","3.5 Zimmer, 104m², CHF 3’053.–","Marktgasse 74 / Stadthausstrasse 115, 8400 Winterthur","CHF 3’053.–","Einzigartige und top sanierte Altstadtwohnung im Herzen Winterthurs",""
"1758193864-22","https://www.immoscout24.ch/de/wohnung/mieten/ort-winterthur?pn=3","4.5 Zimmer, 98m², CHF 2’590.–","Schaubergasse 1, 8406 Winterthur","CHF 2’590.–","Ihr neues Zuhause, neu sanierte 4.5 Zimmerwohnung in Winterthur Töss!","Per 01.11.2025 oder nach Vereinbarung vermieten wir an der Schaubergasse 1 diese 4.5 Zimmerwohnung. Der hochwertige und ästhetische Innenausbau lässt kaum Wünsche offen. Die offene Küche verfügt über energieeffiziente Geräte der Marke Elektrolux. Ein eigener Waschturm gehört zur Wohnung, der Ihnen maximalen Komfort bietet und Ihren Alltag erleichtert. Geniessen Sie Vorzüge wie Freecooling in der Wohnung, Ladestationen für Elektrofahrzeuge in der Tiefgarage und ein Dach aus Photovoltaik-Modulen. Haustiere: Es sind lediglich Hauskatzen und Kleintiere erlaubt. Haben wir Ihr Interesse geweckt? Dann freuen wir uns auf Ihre digitale Bewerbung."
"1758193864-23","https://www.immoscout24.ch/de/wohnung/mieten/ort-winterthur?pn=3","3.5 Zimmer, 91m², CHF 2’350.–","Zürcherstr. 133, 8406 Winterthur","CHF 2’350.–","Moderne 3.5-Zimmer-Wohnung in Winterthur","Entdecken Sie diese hochwertige 3.5-Zimmer-Wohnung in einem modernen Neubau von 2022 an der Zürcherstrasse 133 in Winterthur. Die 91 m² grosse Wohnung im Erdgeschoss überzeugt mit zeitgemässem Wohnkomfort und nachhaltiger Bauweise nach Minergie-Standard.Die Wohnung bietet: • Moderne offene Küche: Mit Ziegelakzentwand, hochwertigen Edelstahlgeräten, Geschirrspüler und grossen Fenstern für viel Tageslicht • Grosszügige Wohnräume: Helle Zimmer mit edlen Holzböden und Glasschiebetüren zum privaten Balkon • Zwei stilvolle Badezimmer: Mit schwarzen Marmorfliesen, Glasduschen und modernem Design • Praktischer Hauswirtschaftsraum: Mit eigener Waschmaschine und Trockner Ausstattung und Komfort: Das rollstuhlgängige Gebäude verfügt über einen Lift und bietet kinderfreundliche Umgebung. Haustiere sind willkommen. Die Wohnung ist sonnig gelegen und profitiert von der ruhigen Lage trotz urbaner Anbindung.Perfekte Lage: Die Bushaltestelle ""Neubruch"" erreichen Sie in nur 2 Gehminuten. Die Schule Laubegg ist 9 Minuten entfernt, und eine Tankstelle mit Einkaufsmöglichkeiten befindet sich 10 Gehminuten entfernt. Das nahegelegene Bahnnetz sorgt für optimale Verbindungen.Diese moderne Wohnung mit unterirdischem Fahrradparkplatz und gepflegter Aussenanlage ist ideal für Familien oder Paare, die Wert auf nachhaltiges Wohnen und urbanen Komfort legen. Verfügbar ab April 2026."
"1758193864-24","https://www.immoscout24.ch/de/wohnung/mieten/ort-winterthur?pn=3","4.5 Zimmer, 116m², CHF 3’060.–","Hobelwerkweg 23, 8404 Winterthur","CHF 3’060.–","Exklusive Attika mit viel Licht & Wohlfühl-Atmosphäre","Die Lage Urban und gleichzeitig kinderfreundlich präsentiert sich der Stadtteil Oberwinterthur. Im alten Dorfkern und rund um den Bahnhof bietet das grösste Quartier der Stadt ideale Geschäfts- und Einkaufsmöglichkeiten. Schulen und Kindergärten liegen in unmittelbarer Nähe der Wohnüberbauung. Naherholungsgebiete mit Seen und Wäldern zum Wandern, Joggen und Velofahren liegen nur wenige Gehminuten entfernt. Im Takt ist in mehrfacher Hinsicht optimal gelegen. Die Winterthurer Stadtbusse und direkte S-Bahn-Züge nach Zürich halten praktisch vor der Haustüre. Der Flughafen Zürich ist ebenso schnell erreichbar wie die malerische Landschaft des Zürcher Oberlands und der Ostschweiz. Ein Rundgang durch die WohnungDer durchdachte Grundriss bietet Ihnen auf 116 m2 die Möglichkeit, sich Ihre Wohnräume ganz nach Ihren Vorstellungen einzurichten. Der hochwertige Akazienholzparkettboden in allen Wohnbereichen schafft eine behagliche und warme Atmosphäre. Besonders hervorzuheben sind die beiden Terrassen, die zum Verweilen einladen, sowie die raumhohen Fenster, die für viel Tageslicht sorgen. Weitere Vorzüge dieser Wohnung: - Offene, moderne Küche- Grosszügiges Wohnzimmer- Badezimmer mit Badewanne/WC- Separates Bad/WC- Eigener Waschturm im Bad- Raumhohe Fenster- Wohn-/Esszimmer mit Zugang zur Terrasse- Alle Zimmer mit direktem Zugang zur Terrasse- Praktisches Reduit innerhalb der Wohnung- Kellerabteil für zusätzlichen Stauraum- Lift bis in die Tiefgarage Details Ein Einstellplatz in der Tiefgarage kann auf Wunsch dazu gemietet werden. In der Überbauung befindet sich ein origineller Spielplatz. Anschreiben. Besichtigen. Mieten. Wann möchten Sie Ihre zukünftige Aussicht besichtigen? Wir freuen uns auf Ihre Kontaktaufnahme! Der Besichtigungstermin findet wie folgt statt: Samstag, 20.09.2025 von 17:00 Uhr bis 18:00 Uhr.Klingeln Sie bitte bei ""M. Aschwanden"". Wir freuen uns auf Ihre Bewerbung! Als Mieter von Helvetia profitieren Sie von 40% Rabatt auf Ihre erste Jahresprämie für ausgewählte Helvetia Versicherungsprodukte! Weitere interessante Mietobjekte finden Sie unter: www.helvetia.ch/miete Bei den publizierten Bildern handelt es sich um typenähnliche Wohnungen. Abweichungen zum effektiven Angebot sind deshalb möglich."
"1758193864-25","https://www.immoscout24.ch/de/wohnung/mieten/ort-winterthur?pn=3","4.5 Zimmer, 147m², CHF 3’510.–","Hobelwerkweg 29, 8404 Winterthur","CHF 3’510.–","Suchen Sie eine trendige Familienwohnung?","Die LageUrban und gleichzeitig kinderfreundlich präsentiert sich der Stadtteil Oberwinterthur. Im alten Dorfkern und rund um den Bahnhof bietet das grösste Quartier der Stadt ideale Geschäfts- und Einkaufsmöglichkeiten. Schulen und Kindergärten liegen in unmittelbarer Nähe der Wohnüberbauung.Naherholungsgebiete mit Seen und Wäldern zum Wandern, Joggen und Velofahren liegen nur wenige Gehminuten entfernt.Im Takt ist in mehrfacher Hinsicht optimal gelegen. Die Winterthurer Stadtbusse und direkte S-Bahn-Züge nach Zürich halten praktisch vor der Haustüre. Der Flughafen Zürich ist ebenso schnell erreichbar wie die malerische Landschaft des Zürcher Oberlands und der Ostschweiz.Ein Rundgang durch die WohnungDer durchdachte Grundriss lässt Ihnen Freiheiten sich auf 146 m2 individuell einzurichten. Der wunderschöne Akazienholzparkettboden in allen Wohnräumen sorgt für eine behaglich &amp; warme Wohnatmosphäre. Ein Highlight ist der Balkon, welches zum Verweilen einlädt und die Raumhohen Fenster die für viel Licht sorgen. Weiter bietet Ihnen diese Wohnung folgende Vorzüge:- offene, moderne Küche- Badezimmer mit Badewanne/WC- Separates Bad/WC- eigener Waschturm im Bad- Raumhohe Fenster- Wohn-/Esszimmer mit Zugang zum Balkon- Elternschlafzimmer mit direktem Zugang ins Badezimmer- Das Kellerabteil bietet zusätzlichen Stauraum- Komfortlüftung sorgt bei geschlossenen Fenstern für ein angenehmes Wohnklima und saubere Luft- Lift bis in die TiefgarageDetailsEin Einstellplatz in der Tiefgarage kann auf Wunsch dazu gemietet werden. In der Überbauung befindet sich ein origineller Spielplatz.Anschreiben. Besichtigen. Mieten.Wann möchten Sie Ihre zukünftige Aussicht besichtigen? Wir freuen uns auf Ihre Kontaktaufnahme!Der Besichtigungstermin findet wie folgt statt:Samstag, 13.09.2025 von 09:00 Uhr bis 10:00 Uhr. Klingeln Sie bitte bei ""T. Kukiolka"".Wir freuen uns auf Ihre Bewerbung! Als Mieter von Helvetia profitieren Sie von 40% Rabatt auf Ihre erste Jahresprämie für ausgewählte Helvetia Versicherungsprodukte!Weitere interessante Mietobjekte finden Sie unter: www.helvetia.ch/miete Bei den publizierten Bildern handelt es sich um typenähnliche Wohnungen. Abweichungen zum effektiven Angebot sind deshalb möglich."
"1758193864-26","https://www.immoscout24.ch/de/wohnung/mieten/ort-winterthur?pn=3","4.5 Zimmer, 127m², CHF 3’170.–","Else-Züblin-Strasse 98, 8404 Winterthur","CHF 3’170.–","Suchen Sie mehr Platz für Ihre Familie?","Die LageDer Eulachpark, der grösste Park in Winterthur, liegt direkt vor der Haustür Ihres neuen Zuhauses und lädt zum Entspannen und Verweilen ein. Hier wohnen Sie in einem aufstrebenden Quartier, das durch seine familienfreundliche Infrastruktur, kurze Wege zu Schulen und ein attraktives Naherholungsgebiet besticht.Die Buslinie Nr. 14 hält in unmittelbarer Nähe der Überbauung und bringt Sie im Viertelstundentakt bequem zum Bahnhof Winterthur. Von dort aus erreichen Sie Zürich in nur 30 Minuten, den Flughafen in 20 Minuten, Schaffhausen in etwa 30 Minuten und St. Gallen in 45 Minuten.Ein Rundgang durch die WohnungDank des grosszügigen Grundrisses, finden Sie und Ihre Familie auf insgesamt ca. 127m2 genügend Freiheiten Ihren persönlichen Wohntraum Wirklichkeit werden zu lassen und sich zudem genügend Rückzugsmöglichkeiten zu verschaffen. Ihr neues Zuhause zeichnet sich zudem durch eine intelligente Raumaufteilung mit geräumigen Zimmern und viel Stauraum aus. Der helle Eichenparkettboden sorgt in allen Wohnräumen für eine behagliche Atmosphäre und garantiert ein helles, lichtdurchflutetes Wohnklima. Weitere Vorteile Ihrer neuen Wohnung sind: - Offene, moderne Küche- Helles und grosszügiges Wohnzimmer - Badezimmer mit Badewanne- Separates Dusche/WC - Reduit mit eigenem Waschturm- Schlafzimmer mit direktem Zugang zur Ankleide- Loggia mit direktem Zugang zum Wohnzimmer und einem weiteren Zimmer - Grosszügiger Eingangsbereich mit Garderobe und Wandschrank- Minergie-Standard - Lift bis in die TiefgarageDetailsEin Einstellplatz in der Tiefgarage kann auf Wunsch dazu gemietet werden.In der Überbauung befindet sich ein origineller Spielplatz und eine Kindertagesstätte.Anschreiben. Besichtigen. Mieten.Möchten Sie Ihrer Familie mehr Raum gönnen und in einem Trendquartier wohnen? Dann freuen wir uns auf Ihre Anmeldung für die Besichtigung unter dem folgenden Link: https://flatfox.ch/de/viewing/71670/?code=VSIel_G0D8g36icelchTBML1A2ax3MZMRA56cc9dFeQ Als Mieter profitieren Sie von 40% Rabatt auf Ihre erste Jahresprämie für ausgewählte Helvetia Versicherungsprodukte!Bei den publizierten Bildern handelt es sich um typenähnliche/typengleiche Wohnungen. Abweichungen zum effektiven Angebot sind deshalb möglich.Weitere interessante Mietobjekte finden Sie unter: www.helvetia.ch/miete"
"1758193864-27","https://www.immoscout24.ch/de/wohnung/mieten/ort-winterthur?pn=3","4 Zimmer, 84m², CHF 1’790.–","Kanzleistrasse 19, 8405 Winterthur","CHF 1’790.–","Hier endet Ihre Wohnungssuche","Per 01.11.2025 vermieten wir diese 4.0-Zimmerwohnung in Winterthur. Die Wohnung bietet Ihnen folgende Annehmlichkeiten: - Wohn- und Schlafzimmer sowie Küche mit Parkettboden- Nasszellen mit pflegeleichtem PVC-Boden- Grosszügiger Wohn- und Essbereich mit Zugang zum Balkon- Küche mit Backofen, Herdplatte und Stauraum für Ihre Küchenutensilien- Badezimmer mit Lavabo, Spiegelschrank und Badewanne- Separates WC mit Lavabo und Spiegelschrank- Balkon vorhanden- Eigenes Kellerabteil- Waschküche und Trockenraum zur Mitbenutzung- Lift vorhanden Die Haustierhaltung ist in dieser Liegenschaft erlaubt. Nach Verfügbarkeit kann ein Einstellplatz für CHF 110.00 pro Monat dazu gemietet werden. Umgebung: - Diverse Einkaufsmöglichkeiten befinden sich in unmittelbarer Nähe- Für den kleinen und grossen Hunger gibt es diverse Restaurants in der nahen Umgebung- Sehr gute Anschlüsse an die Autobahn und an den öffentlichen Verkehr Bitte beachten Sie, dass die Bilder als Referenzbilder dienen und vom Original abweichen können. Haben wir Ihr Interesse geweckt? Für einen Besichtigungstermin kontaktieren Sie uns bitte schriftlich über das Kontaktformular. Wir freuen uns auf Ihre Anfrage."
"1758193864-28","https://www.immoscout24.ch/de/wohnung/mieten/ort-winterthur?pn=3","3.5 Zimmer, 82m², CHF 2’090.–","Solarstrasse 5, 8404 Winterthur","CHF 2’090.–","Moderne Wohnung in Winterthur","Die hochwertig ausgebaute Mietwohnung wurde per November 2021 fertiggestellt. Sie begrüsst neue Mieter mit Architektur auf der Höhe der Zeit. Das Objekt bietet Ihnen nebst dem ansprechenden Grundriss den folgenden Ausbaustandard:- überhohe Räume mit Parkettboden- geräumige Schlafzimmer - offene Küche- Badezimmer/WC- eigener Waschturm- Wintergarten- eigenes Kellerabteil- nachhaltige Bauweise- begrünter Innenhof Bei den Bildern handelt es sich um Musterfotos, welche den Ausbaustandard veranschaulichen. Die genaue Raumaufteilung können Sie dem angefügten Grundrissplan entnehmen.Ein Einstellplatz kann bei Bedarf und Verfügbarkeit für CHF 150.00 pro Monat separat dazu gemietet werden.Öffentliche Verkehrsmittel stehen Ihnen vielzählige zur Verfügung und bringen Sie innert kurzer Zeit nach Winterthur, von wo aus Sie Verbindungen in alle Richtungen haben.Zudem finden Sie eine Grosszahl an Einkaufsmöglichkeiten und Dienstleistern für den täglichen Bedarf in der näheren Umgebung.Haben wir Ihr Interesse geweckt? Dann kontaktieren Sie uns direkt im Onlineinserat über ""Anbieter kontaktieren"". Sie erhalten anschliessend eine automatisierte E-Mail mit den Besichtigungsinformationen sowie der Möglichkeit, sich digital auf die Wohnung zu bewerben und/oder uns allfällige Fragen zu stellen."
"1758193864-29","https://www.immoscout24.ch/de/wohnung/mieten/ort-winterthur?pn=3","3.5 Zimmer, 94m², CHF 2’370.–","Barbara Reinhart-Strasse 28, 8404 Winterthur","CHF 2’370.–","Wohnen im Eulachhof - trendig und modern!","Die schweizweit erste Null-Energie-Wohnüberbauung Eulachhof wurde auf dem ehemaligen Industrieareal der Sulzer in Oberwinterthur erstellt.Die Wohnung bietet Ihnen folgende Annehmlichkeiten:- ganze Wohnung (ausser Küche, Nasszellen und Reduit) mit Parkettboden- Nasszellen und Reduit mit Plattenboden- Küche mit Glaskeramikherd, Backofen, Geschirrspüler, Kühlschrank und viel Stauraum für Ihre Kochutensilien- helle Räume mit viel Tageslicht dank grossen Fenstern- Badezimmer mit Badewanne, Spiegelschrank, Lavabo und WC- zweite Nasszelle mit Dusche, Spiegelschrank, Lavabo und WC- zweites Zimmer mit Faltwand für eine offene Gestaltung des Raums- Reduit mit Waschmaschine und Tumbler sowie genügend Stauraum- praktische Einbauschränke und Garderobe im Eingangsbereich- grosser Balkon Richtung Innenhof der Liegenschaft- eigenes Kellerabteil mit Steckdose- Lift - Veloraum zur Mitbenutzung- Innenhof zur MitbenutzungDie Umgebung/Lage bietet Ihnen folgende Vorzüge:- direkt neben dem Eulachpark gelegen- Bushaltestelle Else-Züblin ist in nur 4 Gehminuten erreichbar, die beiden Bahnhöfe Hegi und Oberwinterthur in ca. 10 Gehminuten- diverse Einkaufsmöglichkeiten (Coop Grüze, Aldi, Lidl, Obi usw.) befinden sich in unmittelbarer Nähe- Tagesschule Eulachpark, Kindergarten und Primarschule befinden sich auf der anderen Seite des Eulachparks uns sind in wenigen Gehminuten erreichbarBei Bedarf kann ein Einstellplatz in der Tiefgarage für CHF 140.00/Monat dazu gemietet werden.Das nachhaltige Gebäude verfügt über energetische Qualitäten und optische Originalität:- sinnliches Holzkleid um das Gebäude, darunter eine optimale Wärmedämmung- Gewinn des Schweizer Solarpreises dank innovativer Technik- und Architekturlösungen- grosse Photovoltaikanlage auf dem Hauptdach- dreifach verglaste, grosse Solarfenster- unabhängig von fossilen Energieträgern- minimierter CO2-Austoss- rollstuhlgängiges Aussengelände und Lift- kinderfreundlichHaben wir Ihr Interesse geweckt? Zögern Sie nicht und nehmen Sie Kontakt mit uns auf. Wir freuen uns auf Ihre Kontaktanfrage!Bei den Fotos handelt es sich um Musterfotos, welche lediglich den Ausbaustandard darstellen und leicht vom Mietobjekt abweichen können."
"1758193864-30","https://www.immoscout24.ch/de/wohnung/mieten/ort-winterthur?pn=3","2.5 Zimmer, 73m², CHF 2’250.–","Archplatz 4, 8400 Winterthur","CHF 2’250.–","Moderne Wohnung an bester Lage","Wohnen Sie direkt am Bahnhof Winterthur. Mit Blick über die Altstadt bis nach Oberwinterthur - die Archhöfe bieten im Zentrum der Stadt endlos viele Möglichkeiten.Die eindrücklichen Raumhöhen, die individuelle Architektur und die begrünten Innenhöfe machen das Wohnen im Zentrum der Stadt einmalig. Die einmalige 2.5-Zimmerwohnung im 4. Obergeschoss vefügt über:- Helle Räume- Eichenparkett in allen Wohn- und Schlafräumen- Moderne Küche mit einer Backofen-Mikrowellen-Kombination- Badezimmer mit eigenem Waschturm (Waschmaschine/Tumbler)- Multimedia-Steckdosen in allen Zimmern- Kontrollierte Wohnungslüftung/Minergiestrandard- LoggiaParkplätze in der Tiefgarage können gerne dazu gemietet werden.Weitere Informationen und Wohnungsabgebote finden Sie auf unserer Homepage www.archhöfe.ch.Wir freuen uns über Ihre Kontaktaufnahme!"
"1758193864-31","https://www.immoscout24.ch/de/wohnung/mieten/ort-winterthur?pn=3","3.5 Zimmer, 83m², CHF 2’352.–","Landvogt-Waser-Strasse 79, 8405 Winterthur","CHF 2’352.–","3.5 Zimmer-Penthouse / Attika-Wohnung im 4. Stock","Nachmieter für die helle und freundliche Wohnung per sofort gesucht. Die Wohnung befindet sich im 4. Obergeschoss und verfügt über: ? Geräumiger Ess-Wohnbereich ? Helle Räume und grosses Schlafzimmer ? Moderne Küche mit Glaskeramikherd und Geschirrspüler ? ansprechendes Badezimmer mit Badewanne / Gästetoilette? drei eigene Balkone? KellerabteilTiefgaragenparkplatz kann für monatlich CHF 135.00 dazu gemietet werden. Interessiert? Dann nehmen Sie mit Herrn M. Desku unter der Nummer 079 123 28 28 oder E-Mail info@aufimo Kontakt auf."
"1758193864-32","https://www.immoscout24.ch/de/wohnung/mieten/ort-winterthur?pn=3","4.5 Zimmer, 106m², CHF 2’989.–","Solarstrasse 3, 8404 Winterthur","CHF 2’989.–","Moderne Wohnung in Winterthur","Die hochwertig ausgebaute 4.5-Zimmerwohnung wurde erst per November 2021 fertiggestellt. Sie begrüsst neue Mieter mit Architektur auf der Höhe der Zeit. Das Objekt bietet Ihnen nebst dem ansprechenden Grundriss den folgenden Ausbaustandard:- überhohe Räume mit Parkettboden- geräumiges Schlafzimmer - offene Küche- Badezimmer/WC- eigener Waschturm- Balkon- eigenes Kellerabteil- nachhaltige Bauweise- begrünter Innenhof Bei den Fotos handelt es sich um Musterbilder, die den Ausbaustandard darstellen. Die genaue Raumaufteilung können Sie dem Grundriss entnehmen. Bei Bedarf und Verfügbarkeit kann ein Einstellplatz für CHF 150.00 pro Monat separat dazu gemietet werden.Öffentliche Verkehrsmittel stehen Ihnen vielzählige zur Verfügung und bringen Sie innert kurzer Zeit nach Winterthur, von wo aus Sie Verbindungen in alle Richtungen haben.Zudem finden Sie eine Grosszahl an Einkaufsmöglichkeiten und Dienstleistern für den täglichen Bedarf in der näheren Umgebung.Haben wir Ihr Interesse geweckt? Dann kontaktieren Sie uns direkt im Onlineinserat über ""Anbieter kontaktieren"". Sie erhalten anschliessend eine automatisierte E-Mail mit den Besichtigungsinformationen sowie der Möglichkeit, sich digital auf die Wohnung zu bewerben und/oder uns allfällige Fragen zu stellen."
"1758193864-33","https://www.immoscout24.ch/de/wohnung/mieten/ort-winterthur?pn=3","3.5 Zimmer, 104m², CHF 3’000.–","Solarstrasse 5, 8404 Winterthur","CHF 3’000.–","Wunderschöne Attikawohnung","Die hochwertig ausgebaute Mietwohnung wurde erst per Mai 2022 fertiggestellt. Sie begrüsst neue Mieter mit Architektur auf der Höhe der Zeit. Die 5-Zimmerwohnung bietet Ihnen nebst dem ansprechenden Grundriss den folgenden Ausbaustandard:- hohe Räume- Wohnräume mit Parkettboden- offene Küche- Dusche/WC- mit eigenem Waschturm- Loggia- Kellerabteil- nachhaltige Bauweise- begrünter InnenhofBei den Bildern handelt es sich um Musterfotos, welche den Ausbaustandard veranschaulichen. Die genaue Raumaufteilung können Sie dem angefügten Grundriss entnehmen.Öffentliche Verkehrsmittel stehen Ihnen vielzählige zur Verfügung und bringen Sie innert kurzer Zeit nach Winterthur, von wo aus Sie Verbindungen in alle Richtungen haben.Zudem finden Sie eine Grosszahl an Einkaufsmöglichkeiten und Dienstleistern für den täglichen Bedarf in der näheren Umgebung.Haben wir Ihr Interesse geweckt? Dann kontaktieren Sie uns direkt im Onlineinserat über ""Anbieter kontaktieren"". Sie erhalten anschliessend eine automatisierte E-Mail mit den Besichtigungsinformationen sowie der Möglichkeit, sich digital auf die Wohnung zu bewerben und/oder uns allfällige Fragen zu stellen."
"1758193864-34","https://www.immoscout24.ch/de/wohnung/mieten/ort-winterthur?pn=3","4.5 Zimmer, 109m², CHF 2’995.–","Ankerstrasse 4, 8406 Winterthur","CHF 2’995.–","4.5 Zimmerwohnung in Winterthur","An ruhiger Lage im Quartier Töss vermieten wir per 1. Oktober 2025 oder nach Vereinbarung diese attraktive 4.5-Zimmerwohnung Maisonette.Der Standort überzeugt durch seine idyllische und dennoch zentrale Lage mit bester Verkehrsanbindung ins Stadtzentrum von Winterthur oder Zürich HB. In kurzer Gehdistanz befinden sich Einkaufsmöglichkeiten, Schulen, Restaurants, kulturelle sowie Freizeit Angebote.Die Wohnung verfügt über einen grosszügigen Grundriss und einen hochwertigen Ausbaustandard mit allen Annehmlichkeiten.Zu der Wohnung gehört ein Kellerraum mit eigenem Waschturm."
"1758193864-35","https://www.immoscout24.ch/de/wohnung/mieten/ort-winterthur?pn=3","4.5 Zimmer, 127m², CHF 3’290.–","Else-Züblin-Strasse 94, 8404 Winterthur","CHF 3’290.–","Wohnen, wo sich Familien wohlfühlen","Die LageDer Eulachpark, der grösste Park in Winterthur, liegt direkt vor der Haustür Ihres neuen Zuhauses und lädt zum Entspannen und Verweilen ein. Hier wohnen Sie in einem aufstrebenden Quartier, das durch seine familienfreundliche Infrastruktur, kurze Wege zu Schulen und ein attraktives Naherholungsgebiet besticht.Die Buslinie Nr. 14 hält in unmittelbarer Nähe der Überbauung und bringt Sie im Viertelstundentakt bequem zum Bahnhof Winterthur. Von dort aus erreichen Sie Zürich in nur 30 Minuten, den Flughafen in 20 Minuten, Schaffhausen in etwa 30 Minuten und St. Gallen in 45 Minuten.Ein Rundgang durch die WohnungDank des grosszügigen Grundrisses, finden Sie und Ihre Familie auf insgesamt ca. 127m2 genügend Freiheiten Ihren persönlichen Wohntraum Wirklichkeit werden zu lassen und sich zudem genügend Rückzugsmöglichkeiten zu verschaffen. Ihr neues Zuhause zeichnet sich zudem durch eine intelligente Raumaufteilung mit geräumigen Zimmern und viel Stauraum aus. Der helle Eichenparkettboden sorgt in allen Wohnräumen für eine behagliche Atmosphäre und garantiert ein helles, lichtdurchflutetes Wohnklima. Weitere Vorteile Ihrer neuen Wohnung sind:- Offene, moderne Küche- Helles und grosszügiges Wohnzimmer- Badezimmer mit Badewanne- Separates Dusche/WC- Reduit mit eigenem Waschturm- Schlafzimmer mit direktem Zugang zur Ankleide- Loggia mit direktem Zugang zum Wohnzimmer und einem weiteren Zimmer- Grosszügiger Eingangsbereich mit Garderobe und Wandschrank- Minergie-Standard- Lift bis in die TiefgarageDetailsEin Einstellplatz in der Tiefgarage kann auf Wunsch dazu gemietet werden.In der Überbauung befindet sich ein origineller Spielplatz und eine Kindertagesstätte.Anschreiben. Besichtigen. Mieten.Möchten Sie Ihrer Familie mehr Raum gönnen und in einem Trendquartier wohnen? Dann freuen wir uns auf Ihre Kontaktaufnahme!Die Besichtigung findet wie folgt statt:Donnerstag, 18.09.2025 um 17:00 Uhr. Klingeln Sie bitte bei ""J. Schiess"".Als Mieter profitieren Sie von 40% Rabatt auf Ihre erste Jahresprämie für ausgewählte Helvetia Versicherungsprodukte!Bei den publizierten Bildern handelt es sich um typenähnliche/typengleiche Wohnungen. Abweichungen zum effektiven Angebot sind deshalb möglich.Weitere interessante Mietobjekte finden Sie unter: www.helvetia.ch/miete"
"1758193864-36","https://www.immoscout24.ch/de/wohnung/mieten/ort-winterthur?pn=3","1 Zimmer, 63m², CHF 1’860.–","Ida-Sträuli-Strasse 43, 8404 Winterthur","CHF 1’860.–","1-Zimmerwohnung - Ihr zukünftiges Zuhause in Winterthur","Willkommen bei sue&amp;tilTauchen Sie ein, denn hier erwartet Sie eine spritzige, inspirierende und innovative Wohnoase, welche auch Ihr Herz höher schlagen lässt!Wir sind die neue Siedlung im modernen Winterthurer Quartier Neuhegi mit Parks und allem, was es für ein aktives Leben braucht. sue&amp;til legt grossen Wert darauf, Ihnen zahlreiche Highlights und Annehmlichkeiten zu bieten. Sie können sicher sein, dass sue&amp;til Ihnen nicht nur alle Ihre Wünsche an Ihr neues Zuhause erfüllt, sondern viel mehr bietet.Nach Vereinbarung vermieten wir diese idyllische Wohnung mit folgender Ausstattung:- Offen gestalteter Grundriss für die grosszügige Atmosphäre- Hochwertige Eichenparkettböden für den edlen Touch in den Wohnräumen- Hochwertiges Bad/WC mit Feinsteinzeugplatten als persönliche Wellnessoase- Offene Küche mit Natursteinabdeckung, Glaskeramikherd und Geschirrspüler, welche Ihre Lust zum Kochen weckt- Komfort-Wohnungslüftung mit individueller Steuerung für ein behagliches Wohngefühl- Waschmaschine und Tumbler in der Wohnung zur Erleichterung Ihren Alltags- Kellerabteil als zusätzlichen StauraumDie Bilder stammen von einer Typähnlich Wohnung.Im Neuhegi leben Sie in einem eigenständigen, vielseitigen Arbeits- und Lebensraum, welcher Ihnen eine erstklassige Lebensqualität schenkt. sue&amp;til ist über sämtliche Verkehrsmittel hervorragend mit der Altstadt und dem Hauptbahnhof von Winterthur und den grösseren Städten der Schweiz verbunden. Ob mit Ihrem Auto oder den ÖV, verschiedenste Möglichkeiten können ausgewählt werden, ganz individuell nach Ihren persönlichen Bedürfnissen. sue&amp;til passt für Singles, Paare und Familien - und sogar für Sie und Ihre Freunde, die zusammen eine Wohngemeinschaft gründen wollen. Wir freuen uns auf Sie - Ihr sue&amp;til."
"1758193864-37","https://www.immoscout24.ch/de/wohnung/mieten/ort-winterthur?pn=3","2.5 Zimmer, 62m², CHF 1’775.–","Landvogt-Waser-Strasse 69, 8405 Winterthur","CHF 1’775.–","Charmante 2.5-Wohnung in Winterthur Seen",""
"1758193864-38","https://www.immoscout24.ch/de/wohnung/mieten/ort-winterthur?pn=3","4.5 Zimmer, 102m², CHF 2’418.–","Landvogt Waser-Strasse 94, 8405 Winterthur","CHF 2’418.–","Familienwohnung im Wohnquartier Seen",""
"1758193864-39","https://www.immoscout24.ch/de/wohnung/mieten/ort-winterthur?pn=3","5.5 Zimmer, CHF 4’195.–","Leimeneggstrasse 28, 8400 Winterthur","CHF 4’195.–","5.5 Zimmer-Maisonette-Wohnung an zentraler Lage in Winterthur",""
"1758193864-40","https://www.immoscout24.ch/de/wohnung/mieten/ort-winterthur?pn=3","5 Zimmer, 155m², CHF 2’730.–","Römerstrasse 99, 8404 Winterthur","CHF 2’730.–","sanft sanierte 5-Zimmerwohnung mit direktem Liftzugang","Per sofort oder nach Vereinbarung suchen wir einen neuen Mieter für diese helle und gepflegte 5-Zimmerwohnung im 4. Obergeschoss. Die Wohnung wurde sanft saniert und bietet Ihnen Wohnkomfort in einem gepflegten Umfeld. Ausbaustandard:Ein heller Laminatboden wurde verlegt. Das Badezimmer ist mit einem pflegeleichten Plattenboden ausgestattet. Die Küche verfügt über Glaskeramikherd, Geschirrspüler und Backofen. Highlights: • Grosszügiger Grundriss mit viel Platz zur individuellen Gestaltung • Cheminée im Wohnzimmer • sonniger Balkon mit Aussicht über Winterthur • Direkter Liftzugang zur Wohnung • Gepflegtes Haus mit angenehmer Nachbarschaft • Ruhige, dennoch zentrale Lage Weitere Vorteile: • Gute Anbindung an den öffentlichen Verkehr • Einkaufsmöglichkeiten in Gehdistanz • Nähe zu Schulen, Naherholung und Stadtzentrum Lage:Die Bushaltestelle ist in wenigen Gehminuten erreichbar. Der Autobahnanschluss Oberwinterthur befindet sich nur wenige Fahrminuten entfernt. In der Umgebung finden Sie diverse Einkaufsmöglichkeiten für den täglichen Bedarf. Parkmöglichkeiten:Nach Bedarf kann ein Tiefgaragenplatz für CHF 130.00 pro Monat dazu gemietet werden. Bei Interesse melden Sie sich gerne für einen unverbindlichen Besichtigungstermin."
"1758193873-41","https://www.immoscout24.ch/de/wohnung/mieten/ort-winterthur?pn=2","2.5 Zimmer, 69m², CHF 2’125.–","Else - Züblin - str. 77, 8404 Winterthur","CHF 2’125.–","Lichtdurchflutete Dachwohnung mit grosser Terrasse",""
"1758193873-42","https://www.immoscout24.ch/de/wohnung/mieten/ort-winterthur?pn=2","4.5 Zimmer, 152m², CHF 3’730.–","Palmstr. 29, 8400 Winterthur","CHF 3’730.–","Mieten ohne Kaution - Im Grünen und doch zentral!",""
"1758193873-43","https://www.immoscout24.ch/de/wohnung/mieten/ort-winterthur?pn=2","2.5 Zimmer, 98m², CHF 2’000.–","Hofmannstr. 5, 8405 Winterthur","CHF 2’000.–","Tolle Wohnung mit riesiger Galerie *MIETEN OHNE KAUTION*",""
"1758193873-44","https://www.immoscout24.ch/de/wohnung/mieten/ort-winterthur?pn=2","4.5 Zimmer, 117m², CHF 2’960.–","St. Gallerstrasse 44, 8400 Winterthur","CHF 2’960.–","Ruhig und doch zentral - grosszügige Wohnung im Sidiareal","Modernes Wohnen im Minergie-Standart in parkähnlicher Umgebung. Diverse Einkaufsmöglichkeiten und Fitnessangebote befinden sich in unmittelbarer Nähe. Der verkehrsfreie Innenhof bietet Kindern einen sicheren Ort zum Spielen. Das Primarschulhaus Schönengrund ist nur 6 Gehminuten vom Sidiareal entfernt.Die Wohnung überzeugt mit folgenden Eigenschaften:- Ganze Wohnung mit Eschenparkett ausgestattet- Nasszellen aus Feinsteinzeugplatten- Helles Wohnzimmer durch raumhohe Fenster- Moderne Küche mit dunkler Granitabdeckung sowie hochwertigen Miele-Einbaugeräten inkl. einem Dampfgarer (Steamer)- Einbauschränke im Eingangsbereich- Badezimmer mit Badewanne und Doppellavabo- Separates Badezimmer mit Dusche und Tageslicht- Eigene Waschmaschine und Tumbler im Badezimmer- Sonnige Loggia- Eigener KellerabteilDer in Minergie konstruierte Bau mit Komfortlüftung bietet in allen Räumen Bodenheizung. Zur Allgemeinnutzung stehen Ihnen ein Trocknungsraum mit Raumluftwäschetrockner und ein Veloraum zur Verfügung. Ein Lift ist im Gebäude ebenfalls vorhanden.Die Überbauung verfügt über eine sehr gute ÖV-Anbindung (Buslinie 2, 3, 5 und 14) der Hauptbahnhof ist in nur 3 Minuten erreichbar.Einstellplätze in der Tiefgarage können zu CHF 140.00 mtl. dazu gemietet werden.Lassen Sie sich diese Wohnung nicht entgehen und vereinbaren Sie noch heute über Flatfox einen Besichtigungstermin!Mehr dazu erfahren Sie auf www.sidiareal.ch.BVK - Die Pensionskasse mit attraktivem Wohnraum in der ganzen Schweiz. Tagesaktuell auf www.bvk.ch"
"1758193873-45","https://www.immoscout24.ch/de/wohnung/mieten/ort-winterthur?pn=2","3.5 Zimmer, 98m², CHF 2’400.–","Ida-Sträuli-Strasse 43, 8404 Winterthur","CHF 2’400.–","3.5-Zimmerwohnung in Winterthur","Willkommen bei sue&amp;tilTauchen Sie ein, denn hier erwartet Sie eine spritzige, inspirierende und innovative Wohnoase, welche auch Ihr Herz höher schlagen lässt!Wir sind die neue Siedlung im modernen Winterthurer Quartier Neuhegi mit Parks und allem, was es für ein aktives Leben braucht. sue&amp;til legt grossen Wert darauf, Ihnen zahlreiche Highlights und Annehmlichkeiten zu bieten. Sie können sicher sein, dass sue&amp;til Ihnen nicht nur alle Ihre Wünsche an Ihr neues Zuhause erfüllt, sondern viel mehr bietet.Für Ihren Wohnkomfort verfügt die Wohnung über folgenden Ausbau- Offen gestalteter Grundriss für die grosszügige Atmosphäre- Hochwertige Eichenparkettböden für den edlen Touch in den Wohnräumen- Hochwertiges Bad/WC mit Feinsteinzeugplatten als persönliche Wellnessoase- Offene Küche mit Natursteinabdeckung, Glaskeramikherd und Geschirrspüler, welche Ihre Lust zum Kochen weckt- Komfort-Wohnungslüftung mit individueller Steuerung für ein behagliches Wohngefühl- Waschmaschine und Tumbler in der Wohnung zur Erleichterung Ihren Alltags- Kellerabteil als zusätzlichen StauraumDie Bilder stammen von einer Typähnlich Wohnung.Im Neuhegi leben Sie in einem eigenständigen, vielseitigen Arbeits- und Lebensraum, welcher Ihnen eine erstklassige Lebensqualität schenkt. sue&amp;til ist über sämtliche Verkehrsmittel hervorragend mit der Altstadt und dem Hauptbahnhof von Winterthur und den grösseren Städten der Schweiz verbunden. Ob mit Ihrem Auto oder den ÖV, verschiedenste Möglichkeiten können ausgewählt werden, ganz individuell nach Ihren persönlichen Bedürfnissen. sue&amp;til passt für Singles, Paare und Familien - und sogar für Sie und Ihre Freunde, die zusammen eine Wohngemeinschaft gründen wollen. Wir freuen uns auf Sie - Ihr sue&amp;til."
"1758193873-46","https://www.immoscout24.ch/de/wohnung/mieten/ort-winterthur?pn=2","2.5 Zimmer, 57m², CHF 1’700.–","Bankstrasse 20, 8400 Winterthur","CHF 1’700.–","Zentrale Wohnung sucht neue Mieter","Wir vermieten per sofort oder nach Vereinbarung diese schöne 2.5-Zimmerwohnung, welche sich bestens für Singles eignet. Nebst dem ansprechenden Grundriss verfügt dieses Objekt über folgenden Ausbaustandard:- helles Wohnzimmer- mit Laminatboden- Küche mit Plattenboden- Badezimmer mit Badewanne- mehrere BalkoneBei den Fotos handelt es sich um Musterbilder, die den Ausbaustandard darstellen. Die genaue Raumaufteilung können Sie dem Grundriss entnehmen. Öffentliche Verkehrsmittel stehen Ihnen vielzählig zur Verfügung und bringen Sie innert kurzer Zeit in jeden Winkel von Winterthur, von wo aus Sie Verbindungen in alle Richtungen haben.Einkaufsmöglichkeiten sowie verschiedene Dienstleister und Restaurants befinden sich zudem in unmittelbarer Nähe.Haben wir Ihr Interesse geweckt?Dann kontaktieren Sie uns direkt im Onlineinserat über ""Anbieter kontaktieren"".Sie erhalten anschliessend eine automatisierte E-Mail mit den Besichtigungsinformationen sowie der Möglichkeit, sich digital auf die Wohnung zu bewerben und/oder uns allfällige Fragen zu stellen.Wir freuen uns auf Ihre digitale Bewerbung nach der Besichtigung."
"1758193873-47","https://www.immoscout24.ch/de/wohnung/mieten/ort-winterthur?pn=2","3.5 Zimmer, 151m², CHF 3’807.–","Marktgasse 78, 8400 Winterthur","CHF 3’807.–","Einzigartige & Denkmalgeschützte Dachwohnung","Inmitten der schönen Winterthurer-Altstadt vermieten wir diese wunderschöne 3.5-Zimmerwohnung. Diese denkmalgeschützte Wohnung bietet Ihnen folgende Ausstattung: - Küche, Wohn- und Schlafzimmer mit Parkettboden- offene Küche mit moderner Ausstattung- Geschirrspüler- Badezimmer mit WC/Bad- eigener Waschturm- Gäste WC- Galerie mit weissen Holzbalken und Glasboden- Reduit- Balkon in den Innenhof- Lift direkt in die Wohnung- KellerabteilDie Galerie im oberen Stock steht unter Denkmalschutz.Bei den Bildern handelt es sich um Musterfotos, welche den Ausbaustandard veranschaulichen. Die genaue Raumaufteilung können Sie dem angefügten Grundriss entnehmen.Einstellplätze stehen momentan leider nicht zur Verfügung.Aufgrund der zentralen Lage mitten in der Winterthurer Altstadt, erreichen Sie verschiedene Einkaufsmöglichkeiten sowie den Hauptbahnhof in wenigen Gehminuten. Hier leben Sie am Puls der Stadt Winterthur wo es Ihnen an nichts fehlen wird!Entspricht diese schöne Wohnung Ihren Vorstellungen?Dann kontaktieren Sie uns direkt im Onlineinserat über ""Anbieter kontaktieren"". Sie erhalten anschliessend eine automatisierte E-Mail mit den Besichtigungsinformationen sowie der Möglichkeit, sich digital auf die Wohnung zu bewerben und/oder uns allfällige Fragen zu stellen.Wir freuen uns auf Ihre digitale Bewerbung nach der Besichtigung."
"1758193873-48","https://www.immoscout24.ch/de/wohnung/mieten/ort-winterthur?pn=2","3.5 Zimmer, 70m², CHF 2’155.–","Schützenstrasse 40, 8400 Winterthur","CHF 2’155.–","Wohnen an zentraler Lage - befristet bis 31.03.2026!","Wir vermieten per sofort oder nach Vereinbarung diese charmante 3.5-Zimmerwohnung an zentraler, aber doch ruhiger Wohnlage - befristet bis zum 31.03.2026.Das Wohnobjekt bietet Ihnen die folgenden Annehmlichkeiten:- Wohn- und Schlafzimmer mit Parkettboden- Korridor mit Klinkerboden- abgeschlossene Küche mit Glaskeramikherd und Fenster- Bad/WC mit Fenster- Balkon Richtung Innenhof- Kellerabteil- Lift- Veloraum- gemeinsame Waschküche im Untergeschoss*Bitte beachten Sie, dass die Wohnung befristet bis zum 31.03.2026 vermietet wird.*Bei den Bildern handelt es sich um Musterfotos, welche den Ausbaustandard veranschaulichen. Die genaue Raumaufteilung können Sie dem angefügten Grundriss entnehmen.Der Bahnhof Winterthur mit diversen S-Bahnlinien ist in wenigen Gehminuten erreichbar. Von hier aus haben Sie umfassende Zugverbindungen in alle Richtungen, was Ihnen eine hervorragende Mobilität und Flexibilität für Ihre täglichen Unternehmungen bietet.Einkaufsmöglichkeiten, wie zum Beispiel ein Denner, befinden sich in unmittelbarer Nähe. Weitere Dienstleister sowie diverse Restaurants finden Sie ebenfalls in der Umgebung.Haben wir Ihr Interesse geweckt? Dann kontaktieren Sie uns direkt im Onlineinserat über ""Anbieter kontaktieren"". Sie erhalten anschliessend eine automatisierte E-Mail mit den Besichtigungsinformationen sowie der Möglichkeit, sich digital auf die Wohnung zu bewerben und/oder uns allfällige Fragen zu stellen.Wir freuen uns auf Ihre digitale Bewerbung nach der Besichtigung."
"1758193873-49","https://www.immoscout24.ch/de/wohnung/mieten/ort-winterthur?pn=2","3.5 Zimmer, 90m², CHF 2’430.–","Schönholzweg 45, 8409 Winterthur","CHF 2’430.–","Wohnüberbauung DOMUM Winterthur",""
"1758193873-50","https://www.immoscout24.ch/de/wohnung/mieten/ort-winterthur?pn=2","3.5 Zimmer, 120m², CHF 3’750.–","Sankt-Georgen-Strasse 70, 8400 Winterthur","CHF 3’750.–","neue 3.5-Zimmer-Attikawohnungen mitten in Winterthur",""
"1758193873-51","https://www.immoscout24.ch/de/wohnung/mieten/ort-winterthur?pn=2","3.5 Zimmer, 92m², CHF 3’260.–","Schönholzweg 43, 8409 Winterthur","CHF 3’260.–","Wohnüberbauung DOMUM Winterthur",""
"1758193873-52","https://www.immoscout24.ch/de/wohnung/mieten/ort-winterthur?pn=2","2.5 Zimmer, 77m², CHF 2’130.–","Stadthausstrasse 12, 8400 Winterthur","CHF 2’130.–","Geniale Dachwohnung im Stadtzentrum von Winterthur","Wir sind auf der Suche nach neuen Mietern für diese schöne 2.5-Zimmerwohnung, die Ihnen nebst der zentralen Lage die folgenden Annehmlichkeiten zu bieten hat:- alle Wohnräume mit Parkettboden- Schlafzimmer mit massgefertigtem Einbauschrank- Wohnzimmer mit Cheminée- abgeschlossene Küche- mit Glaskeramikherd- mit Geschirrspüler- kleiner Wintergarten- eigener Waschturm - KellerabteilBei den Fotos handelt es sich um Musterbilder, die den Ausbaustandard zeigen. Die genaue Raumaufteilung können Sie dem Grundriss entnehmen.Ein Einstellplatz in der Tiefgarage kann bei Bedarf für CHF 210.00 pro Monat dazu gemietet werden.Gute Einkaufsmöglichkeiten wie z.B. Coop, Migros etc. sowie diverse Restaurants und verschiedene Dienstleister befinden sich direkt bei der Liegenschaft. Der Bahnhof Winterthur mit sehr guten Zug- und Busverbindungen befindet sich ebenfalls ganz in der Nähe der Liegenschaft.Entspricht diese schöne Wohnung Ihren Vorstellungen?Dann kontaktieren Sie uns direkt im Onlineinserat über ""Anbieter kontaktieren"". Sie erhalten anschliessend eine automatisierte E-Mail mit den Besichtigungsinformationen sowie der Möglichkeit, sich digital auf die Wohnung zu bewerben und/oder uns allfällige Fragen zu stellen.Wir freuen uns auf Ihre digitale Bewerbung nach der Besichtigung."
"1758193873-53","https://www.immoscout24.ch/de/wohnung/mieten/ort-winterthur?pn=2","2.5 Zimmer, 72m², CHF 1’850.–","Zürcherstrasse 60, 8406 Winterthur","CHF 1’850.–","Schöner Wohnen","Per 01.12.2025 vermieten wir diese schöne 2.5-Zimmerwohnung in Winterthur. Die Wohnung bietet Ihnen folgende Annehmlichkeiten: - Wohn- und Schlafzimmer mit Parkettboden- Küche und Nasszelle mit pflegeleichtem Plattenboden- Grosszügiger Wohn- und Essbereich mit Zugang zum Balkon- Offene Küche mit Glaskeramikherd, Backofen, Geschirrspüler und viel Stauraum für Ihre Küchenutensilien- Badezimmer mit WC, Lavabo, Spiegelschrank und Badewanne- Eigenes Kellerabteil- Waschküche und Trockenraum zur Mitbenutzung- Lift vorhanden Die Haustierhaltung ist in dieser Liegenschaft erlaubt. Nach Verfügbarkeit kann ein Einstellplatz für CHF 140.00 pro Monat dazu gemietet werden. Umgebung:- Diverse Einkaufsmöglichkeiten befinden sich in unmittelbarer Nähe- Für den kleinen und grossen Hunger gibt es diverse Restaurants in der nahen Umgebung- Sehr gute Anschlüsse an die Autobahn und an den öffentlichen Verkehr Bitte beachten Sie, dass die Bilder als Referenzbilder dienen und vom Original abweichen können. Haben wir Ihr Interesse geweckt? Für einen Besichtigungstermin kontaktieren Sie uns bitte schriftlich über das Kontaktformular. Wir freuen uns auf Ihre Anfrage."
"1758193873-54","https://www.immoscout24.ch/de/wohnung/mieten/ort-winterthur?pn=2","3.5 Zimmer, 85m², CHF 2’200.–","Wülflingerstrasse 151c, 8408 Winterthur","CHF 2’200.–","Schöner Wohnen","Per 01.12.2025 vermieten wir diese schöne 3.5-Zimmerwohnung in Winterthur. Die Wohnung bietet Ihnen folgende Annehmlichkeiten: - Wohn- und Schlafzimmer mit Plattenboden- Küche und Nasszelle mit pflegeleichtem Plattenboden- Grosszügiger Wohn- und Essbereich mit Zugang zum Balkon- Offene Küche mit Glaskeramikherd, Backofen, Geschirrspüler und viel Stauraum für Ihre Küchenutensilien- Badezimmer mit WC, Lavabo, Spiegelschrank und Dusche- Eigenes Kellerabteil- Waschküche und Trockenraum zur Mitbenutzung- Lift vorhanden Die Haustierhaltung ist in dieser Liegenschaft erlaubt. Nach Verfügbarkeit kann ein Einstellplatz für CHF 160.00 pro Monat dazu gemietet werden. Umgebung:- Diverse Einkaufsmöglichkeiten befinden sich in unmittelbarer Nähe- Für den kleinen und grossen Hunger gibt es diverse Restaurants in der nahen Umgebung- Sehr gute Anschlüsse an die Autobahn und an den öffentlichen Verkehr Bitte beachten Sie, dass die Bilder als Referenzbilder dienen und vom Original abweichen können. Haben wir Ihr Interesse geweckt? Für einen Besichtigungstermin kontaktieren Sie uns bitte schriftlich über das Kontaktformular. Wir freuen uns auf Ihre Anfrage."
"1758193873-55","https://www.immoscout24.ch/de/wohnung/mieten/ort-winterthur?pn=2","2.5 Zimmer, 66m², CHF 2’065.–","Else-Züblin-Strasse 74, 8404 Winterthur","CHF 2’065.–","2.5 Zimmerwohnung mit Sitzplatz in Oberwinterthur","Willkommen bei sue&amp;til!Wir sind die neue Siedlung im modernen Winterthurer Quartier Neuhegi mit Parks und allem, was es für ein aktives Leben braucht. sue&amp;til legt grossen Wert darauf, Ihnen zahlreiche Highlights und An-nehmlichkeiten zu bieten. Sie können sicher sein, dass sue&amp;til Ihnen nicht nur alle Ihre Wünsche an Ihr neues Zuhause erfüllt, sondern viel mehr bietet.Per 01.09.2025 vermieten wir diese idyllische Wohnung mit folgender Ausstattung:- offen gestaltete Grundrisse für die grosszügige Atmosphäre- Hochwertige Eichenparkettböden für den edlen Touch in den Wohnräumen- Hochwertiges Bad/WC mit Feinsteinzeugplatten als persönliche Wellnessoase- Offene Küche mit Natursteinabdeckung, Glaskeramikherd und Geschirrspüler, welche Deine Lust zum Kochen weckt- Komfort-Wohnungslüftung mit individueller Steuerung für ein behagliches Wohngefühl- Waschmaschine und Tumbler in der Wohnung zur Erleichterung Ihren Alltags- Kellerabteil als zusätzlichen StauraumDie Bilder stammen von einer Typähnlichen Wohnung.Im Neuhegi leben Sie in einem eigenständigen, vielseitigen Arbeits- und Lebensraum, welcher Ihnen eine erstklassige Lebensqualität schenkt. sue&amp;til ist über sämtliche Verkehrsmittel hervorragend mit der Altstadt und dem Hauptbahnhof von Winterthur und den grösseren Städten der Schweiz verbun-den. Ob mit Ihrem Auto oder den ÖV, verschiedenste Möglichkeiten können ausgewählt werden, ganz individuell nach Ihren persönlichen Bedürfnissen. sue&amp;til passt für Singles, Paare und Familien - und sogar für Sie und Ihre Freunde, die zusammen eine Wohngemeinschaft gründen wollen. Wir freuen uns auf Sie - Ihr sue&amp;til."
"1758193873-56","https://www.immoscout24.ch/de/wohnung/mieten/ort-winterthur?pn=2","2.5 Zimmer, 72m², CHF 1’550.–","Etzbergweg 2, 8405 Winterthur","CHF 1’550.–","Modernes Wohnen in Winterthur-Seen",""
"1758193873-57","https://www.immoscout24.ch/de/wohnung/mieten/ort-winterthur?pn=2","3.5 Zimmer, 71m², CHF 1’870.–","Riedhofstr. 47, 8408 Winterthur","CHF 1’870.–","Ihr neues Zuhause an bester Lage!",""
"1758193873-58","https://www.immoscout24.ch/de/wohnung/mieten/ort-winterthur?pn=2","4.5 Zimmer, 136m², CHF 3’860.–","Paulstrasse 9d, 8400 Winterthur","CHF 3’860.–","Traumhafte Maisonette-Wohnung direkt im Zentrum von Winterthur",""
"1758193873-59","https://www.immoscout24.ch/de/wohnung/mieten/ort-winterthur?pn=2","4.5 Zimmer, 160m², CHF 4’475.–","Marktgasse 74 / Stadthausstrasse 115, 8400 Winterthur","CHF 4’475.–","Einzigartige Wohnung mit grosszügiger Terrasse in der Altstadt",""
"1758193873-60","https://www.immoscout24.ch/de/wohnung/mieten/ort-winterthur?pn=2","4.5 Zimmer, 125m², CHF 3’280.–","Paulstrasse 9b, 8400 Winterthur","CHF 3’280.–","Traumhafte 4.5-Zimmerwohnung - Direkt im Zentrum von Winterthur",""
"1758193881-61","https://www.immoscout24.ch/de/wohnung/mieten/ort-winterthur?pn=1","2.5 Zimmer, 69m², CHF 2’010.–","Sulzerallee 81, 8404 Winterthur","CHF 2’010.–","2.5 - Zimmerwohnung in Winterthur","Willkommen bei sue&amp;til!Tauchen Sie ein, denn hier erwartet Sie eine spritzige, inspirierende und innovative Wohnoase, welche auch Ihr Herz höher schlagen lässt!Wir sind die neue Siedlung im modernen Winterthurer Quartier Neuhegi mit Parks und allem, was es für ein aktives Leben braucht. sue&amp;til legt grossen Wert darauf, Ihnen zahlreiche Highlights und An-nehmlichkeiten zu bieten. Sie können sicher sein, dass sue&amp;til Ihnen nicht nur alle Ihre Wünsche an Ihr neues Zuhause erfüllt, sondern viel mehr bietet.Für ihren Wohnkomfort verfügt die Wohnung über folgenden Ausbau- offen gestaltete Grundrisse für die grosszügige Atmosphäre- Hochwertige Eichenparkettböden für den edlen Touch in den Wohnräumen- Hochwertiges Bad/WC mit Feinsteinzeugplatten als persönliche Wellnessoase- Offene Küche mit Natursteinabdeckung, Glaskeramikherd und Geschirrspüler, welche Deine Lust zum Kochen weckt- Komfort-Wohnungslüftung mit individueller Steuerung für ein behagliches Wohngefühl- Waschmaschine und Tumbler in der Wohnung zur Erleichterung Ihren Alltags- Kellerabteil als zusätzlichen StauraumDie Bilder stammen von einer Typähnlichen Wohnung.Im Neuhegi leben Sie in einem eigenständigen, vielseitigen Arbeits- und Lebensraum, welcher Ihnen eine erstklassige Lebensqualität schenkt. sue&amp;til ist über sämtliche Verkehrsmittel hervorragend mit der Altstadt und dem Hauptbahnhof von Winterthur und den grösseren Städten der Schweiz verbun-den. Ob mit Ihrem Auto oder den ÖV, verschiedenste Möglichkeiten können ausgewählt werden, ganz individuell nach Ihren persönlichen Bedürfnissen. sue&amp;til passt für Singles, Paare und Familien - und sogar für Sie und Ihre Freunde, die zusammen eine Wohngemeinschaft gründen wollen. Wir freuen uns auf Sie - Ihr sue&amp;til."
"1758193881-62","https://www.immoscout24.ch/de/wohnung/mieten/ort-winterthur?pn=1","3.5 Zimmer, 111m², CHF 2’887.–","Else-Züblin-Strasse 90, 8404 Winterthur","CHF 2’887.–","Elegante Wohnung mit Loggia","Die LageDer Eulachpark, der grösste Park in Winterthur, liegt direkt vor der Haustür Ihres neuen Zuhauses und lädt zum Entspannen und Verweilen ein. Hier wohnen Sie in einem aufstrebenden Quartier, das durch seine familienfreundliche Infrastruktur, kurze Wege zu Schulen und ein attraktives Naherholungsgebiet besticht.Die Buslinie Nr. 14 hält in unmittelbarer Nähe der Überbauung und bringt Sie im Viertelstundentakt bequem zum Bahnhof Winterthur. Von dort aus erreichen Sie Zürich in nur 30 Minuten, den Flughafen in 20 Minuten, Schaffhausen in etwa 30 Minuten und St. Gallen in 45 Minuten.Ein Rundgang durch die WohnungDer grosszügige Grundriss dieser Wohnung mit ca. 111m2 bietet viel Freiheit für eine individuelle Einrichtung und lässt Ihren Wohntraum Wirklichkeit werden. Die Zimmer sind geräumig und schaffen Platz sowohl für Rückzug als auch für Stauraum. Besonders hervorzuheben sind die hohen Fenster und deckenhohen Türen, die für ein lichtdurchflutetes und freundliches Ambiente sorgen. Dank des grosszügigen Grundrisses, finden Sie auf insgesamt ca. 111m2 genügend Freiheiten Ihren persönlichen Wohntraum Wirklichkeit werden zu lassen und sich zudem genügend Rückzugsmöglichkeiten zu verschaffen. Ihr neues Zuhause zeichnet sich zudem durch eine intelligente Raumaufteilung mit geräumigen Zimmern und viel Stauraum aus.Weitere Vorteile Ihrer neuen Wohnung:- Offene, moderne Küche- Helles und grosszügiges Wohnzimmer- Badezimmer mit Badewanne- Separate Dusche/WC- Reduit mit eigenem Waschturm- Lift bis in die TiefgarageDetailsEin Einstellplatz in der Tiefgarage kann auf Wunsch dazu gemietet werden.In der Überbauung befindet sich ein origineller Spielplatz und eine Kindertagesstätte.Anschreiben. Besichtigen. Mieten.Möchten Sie Ihrer Familie mehr Raum gönnen und in einem Trendquartier wohnen? Die Besichtigung findet wie folgt statt:Samstag, 20. September 2025 von 17.00 - 18.00 UhrBitte klingeln Sie bei ""Checiches"".Als Mieter von Helvetia profitieren Sie von 40% Rabatt auf Ihre erste Jahresprämie für ausgewählte Helvetia Versicherungsprodukte!Bei den publizierten Bildern handelt es sich um typenähnliche / typengleiche Wohnungen. Abweichungen zum effektiven Angebot sind deshalb möglich.Weitere interessante Mietobjekte finden Sie unter: www.helvetia.ch/miete"
"1758193881-63","https://www.immoscout24.ch/de/wohnung/mieten/ort-winterthur?pn=1","5 Zimmer, CHF 4’400.–","Waldstrasse 11, 8400 Winterthur","CHF 4’400.–","BOSCO: Erstbezug 5.0-Zimmer-Reiheneinfamilienhaus","Die Effizienz des Wohnens, sonnig und zentrumsnah Im beliebten Quartier Breite, durch die Nähe zum Stadtzentrum von Winterthur, steht an ruhiger und sonniger Lage ein 5.0-Zimmer-Eckreihen-Einfamilienhaus zur Miete.Verfügbar: Ab sofort oder nach Vereinbarung!HIGHLIGHTS: • Grosszügige, flexibel nutzbare Layouts für alleLebenssituationen (ca. 154² Nutzfläche). • Privater Gartensitzplatz und Aussichts-Dachterrasse mit Sonne pur und riesigen Ampel-Sonnenschirmen. • Langriemenparkett in Eiche klassisch. • Elegante, helle Küchen mit Dekton-Arbeitsplatten, modernen Geräten und genügend Steckdosen. • Zahlreiche eingebaute Down-Lights. • Jedes Haus mit zwei vollwertigen Nasszellen ( Dusche/WC + Dusche/WC) mit Feinsteinzeugplatten in Natursteinoptik. • Waschtischunterbauten (Dekor Fichte dunkel). • Grosse Nebenräume (Hobbyraum, Keller, Waschküche). • Erdsonden-Wärmepumpe mit Fussbodenheizung. • Komfortlüftung mit Wärmerückgewinnung. • Bezug nach Vereinbarung. Mietzins:5.0-Zimmer-Haus A Brutto-Nutzfläche 154 m², CHF 4100 + NK CHF 300/m.Ein gedeckter Aussenparkplatz (Car-Port) - direkt vor dem Haus - kann für CHF 120/m. hinzugemietet werden.Willkommen an der Waldstrasse - Buongiorno BOSCO!Haben wir Ihr Interesse geweckt? Dann freuen wir uns auf Ihre Kontaktaufnahme mittels Kontaktformular!"
"1758193881-64","https://www.immoscout24.ch/de/wohnung/mieten/ort-winterthur?pn=1","4.5 Zimmer, 144m², CHF 3’830.–","Marktgasse 10, 8400 Winterthur","CHF 3’830.–","Charmante 4.5-Zimmer-Maisonette-Wohnung in historischem Gebäude",""
"1758193881-65","https://www.immoscout24.ch/de/wohnung/mieten/ort-winterthur?pn=1","4.5 Zimmer, 140m², CHF 2’480.–","Untere Vogelsangstrasse 201, 8400 Winterthur","CHF 2’480.–","Einziehen und Losleben: Möblierte 4.5 ZiWohnung für 6 Monate an toller Lage von Winterthur",""
"1758193881-66","https://www.immoscout24.ch/de/wohnung/mieten/ort-winterthur?pn=1","4.5 Zimmer, 107m², CHF 3’480.–","Schönholzweg 45, 8409 Winterthur","CHF 3’480.–","Wohnüberbauung DOMUM Winterthur",""
"1758193881-67","https://www.immoscout24.ch/de/wohnung/mieten/ort-winterthur?pn=1","4.5 Zimmer, 125m², CHF 3’700.–","Seuzacherstr. 64, 8400 Winterthur","CHF 3’700.–","",""
"1758193881-68","https://www.immoscout24.ch/de/wohnung/mieten/ort-winterthur?pn=1","5 Zimmer, 128m², CHF 2’760.–","Bollstr. 7, 8405 Winterthur","CHF 2’760.–","Ruhige und zentrale Lage in Seen - MIETEN OHNE KAUTION",""
"1758193881-69","https://www.immoscout24.ch/de/wohnung/mieten/ort-winterthur?pn=1","4.5 Zimmer, 103m², CHF 3’150.–","Holzlegistrasse 8a, 8408 Winterthur","CHF 3’150.–","ERSTBEZUG - Moderne Wohnungen für jedes Bedürfnis",""
"1758193881-70","https://www.immoscout24.ch/de/wohnung/mieten/ort-winterthur?pn=1","3.5 Zimmer, 70m², CHF 2’040.–","Schützenstrasse 40, 8400 Winterthur","CHF 2’040.–","Wohnen im Zentrum-befristet bis 31.03.2026!","Wir vermieten an ruhiger, aber doch sehr zentraler Wohnlage diese gemütliche 3.5-Zimmerwohnung, die Ihnen folgende Annehmlichkeiten zu bieten hat:- Korridor mit Klinkerboden- Wohnzimmer mit Parkettboden- abgeschlossene Küche - mit Glaskeramikherd- Badezimmer/WC- Balkon - KellerabteilDie Bilder entsprechen dem Ausbaustandard und können leicht vom angebotenen Objekt abweichen. Die genaue Raumaufteilung können Sie dem angefügten Grundrissplan entnehmenDie Wohnung wird befristet bis 31.03.2026 vermietet.Der Bahnhof ""Winterthur"" mit diversen S-Bahnlinien in Richtung ""Zürich HB"" und ""St. Gallen"" und Fernzüge in Richtung ""München"" und ""Konstanz"" befindet sich nur 8 Gehminuten von der Liegenschaft entfernt. Diverse Einkaufsmöglichkeiten wie z.B. die Migros, der Denner sowie diverse Dienstleister befinden sich im Einkaufszentrum Neuwiesen oder an der Marktgasse.Ebenfalls erreichen Sie zahlreiche Restaurants und Bars bequem zu Fuss in wenigen Gehminuten. Entspricht diese schöne Wohnung Ihren Vorstellungen?Dann kontaktieren Sie uns direkt im Onlineinserat über ""Anbieter kontaktieren"". Sie erhalten anschliessend eine automatisierte E-Mail mit den Besichtigungsinformationen sowie der Möglichkeit, sich digital auf die Wohnung zu bewerben und/oder uns allfällige Fragen zu stellen.Wir freuen uns auf Ihre digitale Bewerbung nach der Besichtigung."
"1758193881-71","https://www.immoscout24.ch/de/wohnung/mieten/ort-winterthur?pn=1","3.5 Zimmer, 83m², CHF 2’043.–","Unterwegli 37, 8404 Winterthur","CHF 2’043.–","Schöne 3.5-Zimmer-Wohnung! ""Mieten ohne Kaution""",""
"1758193881-72","https://www.immoscout24.ch/de/wohnung/mieten/ort-winterthur?pn=1","3.5 Zimmer, 76m², CHF 2’450.–","Tösstalstrasse 222, 8405 Winterthur","CHF 2’450.–","Erstvermietung in Winterthur-Seen",""
"1758193881-73","https://www.immoscout24.ch/de/wohnung/mieten/ort-winterthur?pn=1","2.5 Zimmer, 62m², CHF 2’320.–","St. Georgenstrasse 50, 8400 Winterthur","CHF 2’320.–","Tolle 2.5 Zimmerwohnung in Winterthur (Saniert 2024)",""
"1758193881-74","https://www.immoscout24.ch/de/wohnung/mieten/ort-winterthur?pn=1","2.5 Zimmer, 72m², CHF 2’240.–","Tösstalstrasse 222, 8405 Winterthur","CHF 2’240.–","Erstvermietung in Winterthur-Seen",""
"1758193881-75","https://www.immoscout24.ch/de/wohnung/mieten/ort-winterthur?pn=1","3.5 Zimmer, 94m², CHF 2’530.–","Else - Züblin - str. 75, 8404 Winterthur","CHF 2’530.–","ROY -  erlebe das neue Winterthur!",""
"1758193881-76","https://www.immoscout24.ch/de/wohnung/mieten/ort-winterthur?pn=1","3.5 Zimmer, 88m², CHF 2’400.–","Seuzacherstr. 11b, 8400 Winterthur","CHF 2’400.–","Wohnen im Rosenberg an zentraler Lage mit eigenem Concierge!",""
"1758193881-77","https://www.immoscout24.ch/de/wohnung/mieten/ort-winterthur?pn=1","2.5 Zimmer, 52m², CHF 1’595.–","Weizackerstr. 25, 8405 Winterthur","CHF 1’595.–","Moderner Wohnbau an bevorzugter Lage - MIETEN OHNE KAUTION",""
"1758193881-78","https://www.immoscout24.ch/de/wohnung/mieten/ort-winterthur?pn=1","2.5 Zimmer, 66m², CHF 2’320.–","Holzlegistrasse 8c, 8408 Winterthur","CHF 2’320.–","ERSTBEZUG - Moderne Wohnungen für jedes Bedürfnis",""
"1758193881-79","https://www.immoscout24.ch/de/wohnung/mieten/ort-winterthur?pn=1","3.5 Zimmer, 86m², CHF 2’845.–","Holzlegistrasse 8b, 8408 Winterthur","CHF 2’845.–","ERSTBEZUG - Moderne Wohnungen für jedes Bedürfnis",""
"1758193881-80","https://www.immoscout24.ch/de/wohnung/mieten/ort-winterthur?pn=1","2.5 Zimmer, 76m², CHF 2’200.–","Else - Züblin - str. 75, 8404 Winterthur","CHF 2’200.–","Hochhinaus im ROY!",""
